{
    "cv_accuracy": 0.8306382978723403,
    "cv_f1": 0.8300313293435332
}
