{
    "cv_accuracy": 0.7368794326241135,
    "cv_f1": 0.7368587917277232
}
