{"cv_accuracy": 0.7368794326241135, "cv_f1": 0.7368587917277232, "val_accuracy": 0.7266666666666667, "val_f1": 0.6872526864803532}