{"cv_accuracy": 0.8306382978723403, "cv_f1": 0.8300313293435332, "val_accuracy": 0.7558333333333334, "val_f1": 0.7152554561865125}